id,timestamp,fatigue_level,concentration_level,hour_of_day,minute_of_day,day_of_week
1,2026-03-02 09:00:00,1,9,9,0,0
2,2026-03-02 09:20:00,2,8,9,20,0
3,2026-03-02 09:40:00,2,8,9,40,0
4,2026-03-02 10:00:00,2,7,10,0,0
5,2026-03-02 10:20:00,2,7,10,20,0
6,2026-03-02 10:40:00,2,7,10,40,0
7,2026-03-02 11:00:00,2,7,11,0,0
8,2026-03-02 11:20:00,3,6,11,20,0
9,2026-03-02 11:40:00,3,7,11,40,0
10,2026-03-02 12:00:00,3,6,12,0,0
11,2026-03-02 12:20:00,4,6,12,20,0
12,2026-03-02 12:40:00,4,5,12,40,0
13,2026-03-02 13:00:00,4,6,13,0,0
14,2026-03-02 13:20:00,5,6,13,20,0
15,2026-03-02 13:40:00,4,5,13,40,0
16,2026-03-02 14:00:00,5,4,14,0,0
17,2026-03-02 14:20:00,4,5,14,20,0
18,2026-03-02 14:40:00,5,4,14,40,0
19,2026-03-02 15:00:00,5,4,15,0,0
20,2026-03-02 15:20:00,4,4,15,20,0
21,2026-03-02 15:40:00,5,4,15,40,0
22,2026-03-02 16:00:00,5,4,16,0,0
23,2026-03-02 16:20:00,5,4,16,20,0
24,2026-03-02 16:40:00,4,4,16,40,0
25,2026-03-02 17:00:00,4,5,17,0,0
26,2026-03-02 17:20:00,4,4,17,20,0
27,2026-03-02 17:40:00,4,4,17,40,0
28,2026-03-02 18:00:00,5,4,18,0,0
29,2026-03-02 18:20:00,5,5,18,20,0
30,2026-03-02 18:40:00,5,4,18,40,0
31,2026-03-02 19:00:00,4,4,19,0,0
32,2026-03-03 09:00:00,1,9,9,0,1
33,2026-03-03 09:20:00,1,8,9,20,1
34,2026-03-03 09:40:00,2,8,9,40,1
35,2026-03-03 10:00:00,3,7,10,0,1
36,2026-03-03 10:20:00,2,7,10,20,1
37,2026-03-03 10:40:00,3,6,10,40,1
38,2026-03-03 11:00:00,4,6,11,0,1
39,2026-03-03 11:20:00,4,6,11,20,1
40,2026-03-03 11:40:00,4,5,11,40,1
41,2026-03-03 12:00:00,4,6,12,0,1
42,2026-03-03 12:20:00,4,6,12,20,1
43,2026-03-03 12:40:00,5,5,12,40,1
44,2026-03-03 13:00:00,5,5,13,0,1
45,2026-03-03 13:20:00,4,4,13,20,1
46,2026-03-03 13:40:00,4,5,13,40,1
47,2026-03-03 14:00:00,5,4,14,0,1
48,2026-03-03 14:20:00,5,5,14,20,1
49,2026-03-03 14:40:00,5,4,14,40,1
50,2026-03-03 15:00:00,5,3,15,0,1
51,2026-03-03 15:20:00,4,4,15,20,1
52,2026-03-03 15:40:00,4,4,15,40,1
53,2026-03-03 16:00:00,5,4,16,0,1
54,2026-03-03 16:20:00,5,4,16,20,1
55,2026-03-03 16:40:00,5,4,16,40,1
56,2026-03-03 17:00:00,4,4,17,0,1
57,2026-03-03 17:20:00,5,4,17,20,1
58,2026-03-03 17:40:00,5,4,17,40,1
59,2026-03-03 18:00:00,5,4,18,0,1
60,2026-03-03 18:20:00,4,4,18,20,1
61,2026-03-03 18:40:00,4,5,18,40,1
62,2026-03-03 19:00:00,4,4,19,0,1
63,2026-03-04 09:00:00,1,8,9,0,2
64,2026-03-04 09:20:00,2,8,9,20,2
65,2026-03-04 09:40:00,3,8,9,40,2
66,2026-03-04 10:00:00,2,7,10,0,2
67,2026-03-04 10:20:00,3,7,10,20,2
68,2026-03-04 10:40:00,3,6,10,40,2
69,2026-03-04 11:00:00,3,6,11,0,2
70,2026-03-04 11:20:00,4,6,11,20,2
71,2026-03-04 11:40:00,3,5,11,40,2
72,2026-03-04 12:00:00,4,5,12,0,2
73,2026-03-04 12:20:00,5,5,12,20,2
74,2026-03-04 12:40:00,4,5,12,40,2
75,2026-03-04 13:00:00,5,5,13,0,2
76,2026-03-04 13:20:00,6,5,13,20,2
77,2026-03-04 13:40:00,5,5,13,40,2
78,2026-03-04 14:00:00,5,4,14,0,2
79,2026-03-04 14:20:00,5,4,14,20,2
80,2026-03-04 14:40:00,5,4,14,40,2
81,2026-03-04 15:00:00,5,4,15,0,2
82,2026-03-04 15:20:00,5,4,15,20,2
83,2026-03-04 15:40:00,6,4,15,40,2
84,2026-03-04 16:00:00,5,5,16,0,2
85,2026-03-04 16:20:00,4,4,16,20,2
86,2026-03-04 16:40:00,5,3,16,40,2
87,2026-03-04 17:00:00,5,4,17,0,2
88,2026-03-04 17:20:00,5,5,17,20,2
89,2026-03-04 17:40:00,5,4,17,40,2
90,2026-03-04 18:00:00,5,4,18,0,2
91,2026-03-04 18:20:00,5,4,18,20,2
92,2026-03-04 18:40:00,5,4,18,40,2
93,2026-03-04 19:00:00,5,4,19,0,2
94,2026-03-05 09:00:00,2,8,9,0,3
95,2026-03-05 09:20:00,3,8,9,20,3
96,2026-03-05 09:40:00,3,8,9,40,3
97,2026-03-05 10:00:00,3,8,10,0,3
98,2026-03-05 10:20:00,3,7,10,20,3
99,2026-03-05 10:40:00,4,7,10,40,3
100,2026-03-05 11:00:00,4,7,11,0,3
101,2026-03-05 11:20:00,4,5,11,20,3
102,2026-03-05 11:40:00,4,5,11,40,3
103,2026-03-05 12:00:00,4,6,12,0,3
104,2026-03-05 12:20:00,5,4,12,20,3
105,2026-03-05 12:40:00,5,5,12,40,3
106,2026-03-05 13:00:00,5,5,13,0,3
107,2026-03-05 13:20:00,5,4,13,20,3
108,2026-03-05 13:40:00,5,4,13,40,3
109,2026-03-05 14:00:00,5,4,14,0,3
110,2026-03-05 14:20:00,5,5,14,20,3
111,2026-03-05 14:40:00,5,6,14,40,3
112,2026-03-05 15:00:00,5,4,15,0,3
113,2026-03-05 15:20:00,5,4,15,20,3
114,2026-03-05 15:40:00,5,4,15,40,3
115,2026-03-05 16:00:00,5,4,16,0,3
116,2026-03-05 16:20:00,4,4,16,20,3
117,2026-03-05 16:40:00,5,4,16,40,3
118,2026-03-05 17:00:00,5,4,17,0,3
119,2026-03-05 17:20:00,5,5,17,20,3
120,2026-03-05 17:40:00,4,4,17,40,3
121,2026-03-05 18:00:00,5,5,18,0,3
122,2026-03-05 18:20:00,5,4,18,20,3
123,2026-03-05 18:40:00,5,5,18,40,3
124,2026-03-05 19:00:00,5,4,19,0,3
125,2026-03-06 09:00:00,2,8,9,0,4
126,2026-03-06 09:20:00,2,8,9,20,4
127,2026-03-06 09:40:00,3,7,9,40,4
128,2026-03-06 10:00:00,3,7,10,0,4
129,2026-03-06 10:20:00,4,6,10,20,4
130,2026-03-06 10:40:00,3,7,10,40,4
131,2026-03-06 11:00:00,4,5,11,0,4
132,2026-03-06 11:20:00,4,6,11,20,4
133,2026-03-06 11:40:00,4,6,11,40,4
134,2026-03-06 12:00:00,4,5,12,0,4
135,2026-03-06 12:20:00,4,5,12,20,4
136,2026-03-06 12:40:00,5,6,12,40,4
137,2026-03-06 13:00:00,5,5,13,0,4
138,2026-03-06 13:20:00,5,5,13,20,4
139,2026-03-06 13:40:00,4,5,13,40,4
140,2026-03-06 14:00:00,5,5,14,0,4
141,2026-03-06 14:20:00,5,5,14,20,4
142,2026-03-06 14:40:00,6,5,14,40,4
143,2026-03-06 15:00:00,5,4,15,0,4
144,2026-03-06 15:20:00,5,4,15,20,4
145,2026-03-06 15:40:00,5,4,15,40,4
146,2026-03-06 16:00:00,5,4,16,0,4
147,2026-03-06 16:20:00,5,4,16,20,4
148,2026-03-06 16:40:00,5,4,16,40,4
149,2026-03-06 17:00:00,5,4,17,0,4
150,2026-03-06 17:20:00,4,4,17,20,4
151,2026-03-06 17:40:00,5,4,17,40,4
152,2026-03-06 18:00:00,6,5,18,0,4
153,2026-03-06 18:20:00,5,5,18,20,4
154,2026-03-06 18:40:00,6,4,18,40,4
155,2026-03-06 19:00:00,5,4,19,0,4
156,2026-03-09 09:00:00,1,9,9,0,0
157,2026-03-09 09:20:00,1,9,9,20,0
158,2026-03-09 09:40:00,2,8,9,40,0
159,2026-03-09 10:00:00,2,8,10,0,0
160,2026-03-09 10:20:00,2,7,10,20,0
161,2026-03-09 10:40:00,3,7,10,40,0
162,2026-03-09 11:00:00,2,7,11,0,0
163,2026-03-09 11:20:00,3,6,11,20,0
164,2026-03-09 11:40:00,3,6,11,40,0
165,2026-03-09 12:00:00,4,6,12,0,0
166,2026-03-09 12:20:00,4,6,12,20,0
167,2026-03-09 12:40:00,4,6,12,40,0
168,2026-03-09 13:00:00,4,5,13,0,0
169,2026-03-09 13:20:00,4,6,13,20,0
170,2026-03-09 13:40:00,6,4,13,40,0
171,2026-03-09 14:00:00,5,5,14,0,0
172,2026-03-09 14:20:00,5,5,14,20,0
173,2026-03-09 14:40:00,5,5,14,40,0
174,2026-03-09 15:00:00,5,5,15,0,0
175,2026-03-09 15:20:00,4,4,15,20,0
176,2026-03-09 15:40:00,4,4,15,40,0
177,2026-03-09 16:00:00,5,4,16,0,0
178,2026-03-09 16:20:00,5,4,16,20,0
179,2026-03-09 16:40:00,5,4,16,40,0
180,2026-03-09 17:00:00,5,4,17,0,0
181,2026-03-09 17:20:00,5,5,17,20,0
182,2026-03-09 17:40:00,5,4,17,40,0
183,2026-03-09 18:00:00,5,5,18,0,0
184,2026-03-09 18:20:00,5,4,18,20,0
185,2026-03-09 18:40:00,4,4,18,40,0
186,2026-03-09 19:00:00,4,4,19,0,0
187,2026-03-10 09:00:00,1,9,9,0,1
188,2026-03-10 09:20:00,1,8,9,20,1
189,2026-03-10 09:40:00,2,9,9,40,1
190,2026-03-10 10:00:00,2,7,10,0,1
191,2026-03-10 10:20:00,3,6,10,20,1
192,2026-03-10 10:40:00,2,7,10,40,1
193,2026-03-10 11:00:00,3,6,11,0,1
194,2026-03-10 11:20:00,4,7,11,20,1
195,2026-03-10 11:40:00,4,6,11,40,1
196,2026-03-10 12:00:00,4,6,12,0,1
197,2026-03-10 12:20:00,4,5,12,20,1
198,2026-03-10 12:40:00,4,5,12,40,1
199,2026-03-10 13:00:00,4,5,13,0,1
200,2026-03-10 13:20:00,4,4,13,20,1
201,2026-03-10 13:40:00,5,4,13,40,1
202,2026-03-10 14:00:00,5,5,14,0,1
203,2026-03-10 14:20:00,4,5,14,20,1
204,2026-03-10 14:40:00,4,5,14,40,1
205,2026-03-10 15:00:00,4,4,15,0,1
206,2026-03-10 15:20:00,5,4,15,20,1
207,2026-03-10 15:40:00,5,4,15,40,1
208,2026-03-10 16:00:00,5,5,16,0,1
209,2026-03-10 16:20:00,5,4,16,20,1
210,2026-03-10 16:40:00,5,4,16,40,1
211,2026-03-10 17:00:00,4,5,17,0,1
212,2026-03-10 17:20:00,5,4,17,20,1
213,2026-03-10 17:40:00,5,5,17,40,1
214,2026-03-10 18:00:00,5,4,18,0,1
215,2026-03-10 18:20:00,5,4,18,20,1
216,2026-03-10 18:40:00,5,3,18,40,1
217,2026-03-10 19:00:00,5,4,19,0,1
218,2026-03-11 09:00:00,2,8,9,0,2
219,2026-03-11 09:20:00,2,8,9,20,2
220,2026-03-11 09:40:00,2,7,9,40,2
221,2026-03-11 10:00:00,2,7,10,0,2
222,2026-03-11 10:20:00,3,6,10,20,2
223,2026-03-11 10:40:00,3,6,10,40,2
224,2026-03-11 11:00:00,3,5,11,0,2
225,2026-03-11 11:20:00,4,6,11,20,2
226,2026-03-11 11:40:00,4,6,11,40,2
227,2026-03-11 12:00:00,4,5,12,0,2
228,2026-03-11 12:20:00,4,5,12,20,2
229,2026-03-11 12:40:00,4,5,12,40,2
230,2026-03-11 13:00:00,5,5,13,0,2
231,2026-03-11 13:20:00,4,5,13,20,2
232,2026-03-11 13:40:00,5,5,13,40,2
233,2026-03-11 14:00:00,5,4,14,0,2
234,2026-03-11 14:20:00,5,4,14,20,2
235,2026-03-11 14:40:00,5,4,14,40,2
236,2026-03-11 15:00:00,5,5,15,0,2
237,2026-03-11 15:20:00,5,4,15,20,2
238,2026-03-11 15:40:00,5,4,15,40,2
239,2026-03-11 16:00:00,5,3,16,0,2
240,2026-03-11 16:20:00,5,4,16,20,2
241,2026-03-11 16:40:00,5,4,16,40,2
242,2026-03-11 17:00:00,5,4,17,0,2
243,2026-03-11 17:20:00,5,4,17,20,2
244,2026-03-11 17:40:00,5,5,17,40,2
245,2026-03-11 18:00:00,5,4,18,0,2
246,2026-03-11 18:20:00,5,4,18,20,2
247,2026-03-11 18:40:00,5,4,18,40,2
248,2026-03-11 19:00:00,4,4,19,0,2
249,2026-03-12 09:00:00,2,9,9,0,3
250,2026-03-12 09:20:00,1,8,9,20,3
251,2026-03-12 09:40:00,3,8,9,40,3
252,2026-03-12 10:00:00,4,7,10,0,3
253,2026-03-12 10:20:00,4,6,10,20,3
254,2026-03-12 10:40:00,5,7,10,40,3
255,2026-03-12 11:00:00,4,6,11,0,3
256,2026-03-12 11:20:00,4,6,11,20,3
257,2026-03-12 11:40:00,4,6,11,40,3
258,2026-03-12 12:00:00,5,5,12,0,3
259,2026-03-12 12:20:00,5,5,12,20,3
260,2026-03-12 12:40:00,5,5,12,40,3
261,2026-03-12 13:00:00,4,5,13,0,3
262,2026-03-12 13:20:00,5,4,13,20,3
263,2026-03-12 13:40:00,4,4,13,40,3
264,2026-03-12 14:00:00,5,4,14,0,3
265,2026-03-12 14:20:00,5,3,14,20,3
266,2026-03-12 14:40:00,5,4,14,40,3
267,2026-03-12 15:00:00,5,4,15,0,3
268,2026-03-12 15:20:00,5,5,15,20,3
269,2026-03-12 15:40:00,4,5,15,40,3
270,2026-03-12 16:00:00,4,3,16,0,3
271,2026-03-12 16:20:00,5,4,16,20,3
272,2026-03-12 16:40:00,5,4,16,40,3
273,2026-03-12 17:00:00,5,4,17,0,3
274,2026-03-12 17:20:00,5,5,17,20,3
275,2026-03-12 17:40:00,5,4,17,40,3
276,2026-03-12 18:00:00,5,4,18,0,3
277,2026-03-12 18:20:00,5,3,18,20,3
278,2026-03-12 18:40:00,5,4,18,40,3
279,2026-03-12 19:00:00,4,4,19,0,3
280,2026-03-13 09:00:00,2,8,9,0,4
281,2026-03-13 09:20:00,3,8,9,20,4
282,2026-03-13 09:40:00,3,7,9,40,4
283,2026-03-13 10:00:00,3,7,10,0,4
284,2026-03-13 10:20:00,2,6,10,20,4
285,2026-03-13 10:40:00,3,7,10,40,4
286,2026-03-13 11:00:00,4,7,11,0,4
287,2026-03-13 11:20:00,4,6,11,20,4
288,2026-03-13 11:40:00,4,6,11,40,4
289,2026-03-13 12:00:00,4,6,12,0,4
290,2026-03-13 12:20:00,4,5,12,20,4
291,2026-03-13 12:40:00,4,5,12,40,4
292,2026-03-13 13:00:00,4,5,13,0,4
293,2026-03-13 13:20:00,4,5,13,20,4
294,2026-03-13 13:40:00,5,4,13,40,4
295,2026-03-13 14:00:00,4,4,14,0,4
296,2026-03-13 14:20:00,5,4,14,20,4
297,2026-03-13 14:40:00,6,4,14,40,4
298,2026-03-13 15:00:00,4,5,15,0,4
299,2026-03-13 15:20:00,4,5,15,20,4
300,2026-03-13 15:40:00,5,5,15,40,4
301,2026-03-13 16:00:00,5,4,16,0,4
302,2026-03-13 16:20:00,4,4,16,20,4
303,2026-03-13 16:40:00,5,5,16,40,4
304,2026-03-13 17:00:00,5,4,17,0,4
305,2026-03-13 17:20:00,5,4,17,20,4
306,2026-03-13 17:40:00,5,4,17,40,4
307,2026-03-13 18:00:00,5,5,18,0,4
308,2026-03-13 18:20:00,5,4,18,20,4
309,2026-03-13 18:40:00,5,4,18,40,4
310,2026-03-13 19:00:00,4,4,19,0,4
311,2026-03-16 09:00:00,1,9,9,0,0
312,2026-03-16 09:20:00,2,9,9,20,0
313,2026-03-16 09:40:00,2,8,9,40,0
314,2026-03-16 10:00:00,2,8,10,0,0
315,2026-03-16 10:20:00,2,7,10,20,0
316,2026-03-16 10:40:00,1,7,10,40,0
317,2026-03-16 11:00:00,3,7,11,0,0
318,2026-03-16 11:20:00,2,6,11,20,0
319,2026-03-16 11:40:00,3,6,11,40,0
320,2026-03-16 12:00:00,3,6,12,0,0
321,2026-03-16 12:20:00,4,6,12,20,0
322,2026-03-16 12:40:00,3,5,12,40,0
323,2026-03-16 13:00:00,4,5,13,0,0
324,2026-03-16 13:20:00,4,5,13,20,0
325,2026-03-16 13:40:00,5,6,13,40,0
326,2026-03-16 14:00:00,4,5,14,0,0
327,2026-03-16 14:20:00,4,4,14,20,0
328,2026-03-16 14:40:00,5,4,14,40,0
329,2026-03-16 15:00:00,5,5,15,0,0
330,2026-03-16 15:20:00,5,5,15,20,0
331,2026-03-16 15:40:00,5,4,15,40,0
332,2026-03-16 16:00:00,4,4,16,0,0
333,2026-03-16 16:20:00,5,4,16,20,0
334,2026-03-16 16:40:00,5,4,16,40,0
335,2026-03-16 17:00:00,5,4,17,0,0
336,2026-03-16 17:20:00,6,4,17,20,0
337,2026-03-16 17:40:00,5,3,17,40,0
338,2026-03-16 18:00:00,5,4,18,0,0
339,2026-03-16 18:20:00,5,4,18,20,0
340,2026-03-16 18:40:00,5,4,18,40,0
341,2026-03-16 19:00:00,5,4,19,0,0
342,2026-03-17 09:00:00,2,9,9,0,1
343,2026-03-17 09:20:00,2,7,9,20,1
344,2026-03-17 09:40:00,2,8,9,40,1
345,2026-03-17 10:00:00,2,8,10,0,1
346,2026-03-17 10:20:00,2,7,10,20,1
347,2026-03-17 10:40:00,3,6,10,40,1
348,2026-03-17 11:00:00,4,6,11,0,1
349,2026-03-17 11:20:00,4,6,11,20,1
350,2026-03-17 11:40:00,4,7,11,40,1
351,2026-03-17 12:00:00,4,6,12,0,1
352,2026-03-17 12:20:00,4,5,12,20,1
353,2026-03-17 12:40:00,4,5,12,40,1
354,2026-03-17 13:00:00,5,6,13,0,1
355,2026-03-17 13:20:00,5,4,13,20,1
356,2026-03-17 13:40:00,5,4,13,40,1
357,2026-03-17 14:00:00,4,4,14,0,1
358,2026-03-17 14:20:00,5,4,14,20,1
359,2026-03-17 14:40:00,5,4,14,40,1
360,2026-03-17 15:00:00,4,4,15,0,1
361,2026-03-17 15:20:00,4,4,15,20,1
362,2026-03-17 15:40:00,4,3,15,40,1
363,2026-03-17 16:00:00,5,4,16,0,1
364,2026-03-17 16:20:00,5,4,16,20,1
365,2026-03-17 16:40:00,5,5,16,40,1
366,2026-03-17 17:00:00,5,5,17,0,1
367,2026-03-17 17:20:00,5,4,17,20,1
368,2026-03-17 17:40:00,5,4,17,40,1
369,2026-03-17 18:00:00,5,4,18,0,1
370,2026-03-17 18:20:00,5,4,18,20,1
371,2026-03-17 18:40:00,5,4,18,40,1
372,2026-03-17 19:00:00,5,4,19,0,1
373,2026-03-18 09:00:00,2,9,9,0,2
374,2026-03-18 09:20:00,2,8,9,20,2
375,2026-03-18 09:40:00,2,8,9,40,2
376,2026-03-18 10:00:00,3,7,10,0,2
377,2026-03-18 10:20:00,3,6,10,20,2
378,2026-03-18 10:40:00,3,6,10,40,2
379,2026-03-18 11:00:00,3,6,11,0,2
380,2026-03-18 11:20:00,4,5,11,20,2
381,2026-03-18 11:40:00,4,7,11,40,2
382,2026-03-18 12:00:00,4,6,12,0,2
383,2026-03-18 12:20:00,4,6,12,20,2
384,2026-03-18 12:40:00,4,5,12,40,2
385,2026-03-18 13:00:00,5,5,13,0,2
386,2026-03-18 13:20:00,5,4,13,20,2
387,2026-03-18 13:40:00,4,4,13,40,2
388,2026-03-18 14:00:00,5,4,14,0,2
389,2026-03-18 14:20:00,5,4,14,20,2
390,2026-03-18 14:40:00,5,4,14,40,2
391,2026-03-18 15:00:00,5,4,15,0,2
392,2026-03-18 15:20:00,5,4,15,20,2
393,2026-03-18 15:40:00,4,4,15,40,2
394,2026-03-18 16:00:00,5,4,16,0,2
395,2026-03-18 16:20:00,4,4,16,20,2
396,2026-03-18 16:40:00,5,4,16,40,2
397,2026-03-18 17:00:00,5,5,17,0,2
398,2026-03-18 17:20:00,4,4,17,20,2
399,2026-03-18 17:40:00,5,3,17,40,2
400,2026-03-18 18:00:00,5,4,18,0,2
401,2026-03-18 18:20:00,5,4,18,20,2
402,2026-03-18 18:40:00,5,4,18,40,2
403,2026-03-18 19:00:00,5,4,19,0,2
404,2026-03-19 09:00:00,2,9,9,0,3
405,2026-03-19 09:20:00,3,7,9,20,3
406,2026-03-19 09:40:00,3,7,9,40,3
407,2026-03-19 10:00:00,3,7,10,0,3
408,2026-03-19 10:20:00,3,6,10,20,3
409,2026-03-19 10:40:00,4,7,10,40,3
410,2026-03-19 11:00:00,3,6,11,0,3
411,2026-03-19 11:20:00,4,6,11,20,3
412,2026-03-19 11:40:00,4,5,11,40,3
413,2026-03-19 12:00:00,5,4,12,0,3
414,2026-03-19 12:20:00,5,5,12,20,3
415,2026-03-19 12:40:00,5,5,12,40,3
416,2026-03-19 13:00:00,5,4,13,0,3
417,2026-03-19 13:20:00,5,5,13,20,3
418,2026-03-19 13:40:00,4,5,13,40,3
419,2026-03-19 14:00:00,4,5,14,0,3
420,2026-03-19 14:20:00,5,5,14,20,3
421,2026-03-19 14:40:00,5,4,14,40,3
422,2026-03-19 15:00:00,5,4,15,0,3
423,2026-03-19 15:20:00,4,4,15,20,3
424,2026-03-19 15:40:00,5,5,15,40,3
425,2026-03-19 16:00:00,5,4,16,0,3
426,2026-03-19 16:20:00,5,4,16,20,3
427,2026-03-19 16:40:00,5,5,16,40,3
428,2026-03-19 17:00:00,5,4,17,0,3
429,2026-03-19 17:20:00,5,4,17,20,3
430,2026-03-19 17:40:00,6,4,17,40,3
431,2026-03-19 18:00:00,5,4,18,0,3
432,2026-03-19 18:20:00,5,4,18,20,3
433,2026-03-19 18:40:00,4,4,18,40,3
434,2026-03-19 19:00:00,5,3,19,0,3
435,2026-03-20 09:00:00,2,9,9,0,4
436,2026-03-20 09:20:00,2,8,9,20,4
437,2026-03-20 09:40:00,2,8,9,40,4
438,2026-03-20 10:00:00,2,7,10,0,4
439,2026-03-20 10:20:00,3,6,10,20,4
440,2026-03-20 10:40:00,3,7,10,40,4
441,2026-03-20 11:00:00,4,5,11,0,4
442,2026-03-20 11:20:00,3,6,11,20,4
443,2026-03-20 11:40:00,3,6,11,40,4
444,2026-03-20 12:00:00,4,5,12,0,4
445,2026-03-20 12:20:00,4,5,12,20,4
446,2026-03-20 12:40:00,5,6,12,40,4
447,2026-03-20 13:00:00,5,5,13,0,4
448,2026-03-20 13:20:00,4,5,13,20,4
449,2026-03-20 13:40:00,5,4,13,40,4
450,2026-03-20 14:00:00,6,5,14,0,4
451,2026-03-20 14:20:00,5,4,14,20,4
452,2026-03-20 14:40:00,5,5,14,40,4
453,2026-03-20 15:00:00,5,4,15,0,4
454,2026-03-20 15:20:00,5,5,15,20,4
455,2026-03-20 15:40:00,5,4,15,40,4
456,2026-03-20 16:00:00,5,4,16,0,4
457,2026-03-20 16:20:00,4,4,16,20,4
458,2026-03-20 16:40:00,5,3,16,40,4
459,2026-03-20 17:00:00,5,4,17,0,4
460,2026-03-20 17:20:00,4,4,17,20,4
461,2026-03-20 17:40:00,4,4,17,40,4
462,2026-03-20 18:00:00,6,3,18,0,4
463,2026-03-20 18:20:00,5,4,18,20,4
464,2026-03-20 18:40:00,5,4,18,40,4
465,2026-03-20 19:00:00,6,4,19,0,4
466,2026-03-23 09:00:00,1,8,9,0,0
467,2026-03-23 09:20:00,1,8,9,20,0
468,2026-03-23 09:40:00,1,7,9,40,0
469,2026-03-23 10:00:00,1,7,10,0,0
470,2026-03-23 10:20:00,2,8,10,20,0
471,2026-03-23 10:40:00,3,6,10,40,0
472,2026-03-23 11:00:00,2,7,11,0,0
473,2026-03-23 11:20:00,3,7,11,20,0
474,2026-03-23 11:40:00,3,7,11,40,0
475,2026-03-23 12:00:00,4,6,12,0,0
476,2026-03-23 12:20:00,4,6,12,20,0
477,2026-03-23 12:40:00,4,5,12,40,0
478,2026-03-23 13:00:00,4,5,13,0,0
479,2026-03-23 13:20:00,5,5,13,20,0
480,2026-03-23 13:40:00,4,5,13,40,0
481,2026-03-23 14:00:00,4,5,14,0,0
482,2026-03-23 14:20:00,4,4,14,20,0
483,2026-03-23 14:40:00,4,4,14,40,0
484,2026-03-23 15:00:00,5,4,15,0,0
485,2026-03-23 15:20:00,5,5,15,20,0
486,2026-03-23 15:40:00,5,4,15,40,0
487,2026-03-23 16:00:00,5,4,16,0,0
488,2026-03-23 16:20:00,5,4,16,20,0
489,2026-03-23 16:40:00,5,4,16,40,0
490,2026-03-23 17:00:00,5,5,17,0,0
491,2026-03-23 17:20:00,5,5,17,20,0
492,2026-03-23 17:40:00,5,4,17,40,0
493,2026-03-23 18:00:00,4,4,18,0,0
494,2026-03-23 18:20:00,5,4,18,20,0
495,2026-03-23 18:40:00,4,4,18,40,0
496,2026-03-23 19:00:00,6,4,19,0,0
497,2026-03-24 09:00:00,1,9,9,0,1
498,2026-03-24 09:20:00,2,8,9,20,1
499,2026-03-24 09:40:00,3,8,9,40,1
500,2026-03-24 10:00:00,2,8,10,0,1
501,2026-03-24 10:20:00,3,7,10,20,1
502,2026-03-24 10:40:00,3,7,10,40,1
503,2026-03-24 11:00:00,4,6,11,0,1
504,2026-03-24 11:20:00,4,6,11,20,1
505,2026-03-24 11:40:00,4,7,11,40,1
506,2026-03-24 12:00:00,4,5,12,0,1
507,2026-03-24 12:20:00,5,5,12,20,1
508,2026-03-24 12:40:00,4,6,12,40,1
509,2026-03-24 13:00:00,4,5,13,0,1
510,2026-03-24 13:20:00,4,5,13,20,1
511,2026-03-24 13:40:00,5,5,13,40,1
512,2026-03-24 14:00:00,5,4,14,0,1
513,2026-03-24 14:20:00,6,4,14,20,1
514,2026-03-24 14:40:00,5,4,14,40,1
515,2026-03-24 15:00:00,5,4,15,0,1
516,2026-03-24 15:20:00,5,4,15,20,1
517,2026-03-24 15:40:00,5,4,15,40,1
518,2026-03-24 16:00:00,4,4,16,0,1
519,2026-03-24 16:20:00,5,5,16,20,1
520,2026-03-24 16:40:00,5,4,16,40,1
521,2026-03-24 17:00:00,5,4,17,0,1
522,2026-03-24 17:20:00,5,5,17,20,1
523,2026-03-24 17:40:00,5,4,17,40,1
524,2026-03-24 18:00:00,5,5,18,0,1
525,2026-03-24 18:20:00,5,5,18,20,1
526,2026-03-24 18:40:00,5,4,18,40,1
527,2026-03-24 19:00:00,5,5,19,0,1
528,2026-03-25 09:00:00,1,8,9,0,2
529,2026-03-25 09:20:00,2,9,9,20,2
530,2026-03-25 09:40:00,2,7,9,40,2
531,2026-03-25 10:00:00,3,7,10,0,2
532,2026-03-25 10:20:00,4,7,10,20,2
533,2026-03-25 10:40:00,3,6,10,40,2
534,2026-03-25 11:00:00,3,6,11,0,2
535,2026-03-25 11:20:00,4,6,11,20,2
536,2026-03-25 11:40:00,4,5,11,40,2
537,2026-03-25 12:00:00,4,5,12,0,2
538,2026-03-25 12:20:00,4,5,12,20,2
539,2026-03-25 12:40:00,4,5,12,40,2
540,2026-03-25 13:00:00,5,5,13,0,2
541,2026-03-25 13:20:00,4,4,13,20,2
542,2026-03-25 13:40:00,5,4,13,40,2
543,2026-03-25 14:00:00,5,4,14,0,2
544,2026-03-25 14:20:00,5,5,14,20,2
545,2026-03-25 14:40:00,5,4,14,40,2
546,2026-03-25 15:00:00,5,4,15,0,2
547,2026-03-25 15:20:00,4,4,15,20,2
548,2026-03-25 15:40:00,5,4,15,40,2
549,2026-03-25 16:00:00,5,4,16,0,2
550,2026-03-25 16:20:00,4,4,16,20,2
551,2026-03-25 16:40:00,5,4,16,40,2
552,2026-03-25 17:00:00,5,5,17,0,2
553,2026-03-25 17:20:00,5,5,17,20,2
554,2026-03-25 17:40:00,5,3,17,40,2
555,2026-03-25 18:00:00,5,4,18,0,2
556,2026-03-25 18:20:00,5,4,18,20,2
557,2026-03-25 18:40:00,5,4,18,40,2
558,2026-03-25 19:00:00,4,4,19,0,2
559,2026-03-26 09:00:00,1,8,9,0,3
560,2026-03-26 09:20:00,3,8,9,20,3
561,2026-03-26 09:40:00,3,7,9,40,3
562,2026-03-26 10:00:00,3,7,10,0,3
563,2026-03-26 10:20:00,4,6,10,20,3
564,2026-03-26 10:40:00,3,6,10,40,3
565,2026-03-26 11:00:00,3,6,11,0,3
566,2026-03-26 11:20:00,4,6,11,20,3
567,2026-03-26 11:40:00,4,6,11,40,3
568,2026-03-26 12:00:00,4,6,12,0,3
569,2026-03-26 12:20:00,4,5,12,20,3
570,2026-03-26 12:40:00,4,6,12,40,3
571,2026-03-26 13:00:00,5,5,13,0,3
572,2026-03-26 13:20:00,5,5,13,20,3
573,2026-03-26 13:40:00,5,6,13,40,3
574,2026-03-26 14:00:00,5,5,14,0,3
575,2026-03-26 14:20:00,5,4,14,20,3
576,2026-03-26 14:40:00,5,4,14,40,3
577,2026-03-26 15:00:00,5,3,15,0,3
578,2026-03-26 15:20:00,5,4,15,20,3
579,2026-03-26 15:40:00,5,4,15,40,3
580,2026-03-26 16:00:00,5,4,16,0,3
581,2026-03-26 16:20:00,5,4,16,20,3
582,2026-03-26 16:40:00,5,4,16,40,3
583,2026-03-26 17:00:00,5,5,17,0,3
584,2026-03-26 17:20:00,5,4,17,20,3
585,2026-03-26 17:40:00,4,4,17,40,3
586,2026-03-26 18:00:00,5,4,18,0,3
587,2026-03-26 18:20:00,5,4,18,20,3
588,2026-03-26 18:40:00,5,5,18,40,3
589,2026-03-26 19:00:00,5,4,19,0,3
590,2026-03-27 09:00:00,2,8,9,0,4
591,2026-03-27 09:20:00,2,8,9,20,4
592,2026-03-27 09:40:00,2,7,9,40,4
593,2026-03-27 10:00:00,3,6,10,0,4
594,2026-03-27 10:20:00,3,7,10,20,4
595,2026-03-27 10:40:00,3,7,10,40,4
596,2026-03-27 11:00:00,3,6,11,0,4
597,2026-03-27 11:20:00,4,6,11,20,4
598,2026-03-27 11:40:00,5,6,11,40,4
599,2026-03-27 12:00:00,4,6,12,0,4
600,2026-03-27 12:20:00,4,6,12,20,4
601,2026-03-27 12:40:00,5,5,12,40,4
602,2026-03-27 13:00:00,4,5,13,0,4
603,2026-03-27 13:20:00,4,5,13,20,4
604,2026-03-27 13:40:00,5,5,13,40,4
605,2026-03-27 14:00:00,4,4,14,0,4
606,2026-03-27 14:20:00,5,6,14,20,4
607,2026-03-27 14:40:00,5,4,14,40,4
608,2026-03-27 15:00:00,5,5,15,0,4
609,2026-03-27 15:20:00,5,5,15,20,4
610,2026-03-27 15:40:00,5,5,15,40,4
611,2026-03-27 16:00:00,5,4,16,0,4
612,2026-03-27 16:20:00,5,5,16,20,4
613,2026-03-27 16:40:00,5,4,16,40,4
614,2026-03-27 17:00:00,5,5,17,0,4
615,2026-03-27 17:20:00,5,5,17,20,4
616,2026-03-27 17:40:00,5,4,17,40,4
617,2026-03-27 18:00:00,5,4,18,0,4
618,2026-03-27 18:20:00,4,4,18,20,4
619,2026-03-27 18:40:00,4,4,18,40,4
620,2026-03-27 19:00:00,5,4,19,0,4
621,2026-03-30 09:00:00,1,9,9,0,0
622,2026-03-30 09:20:00,1,8,9,20,0
623,2026-03-30 09:40:00,2,8,9,40,0
624,2026-03-30 10:00:00,2,7,10,0,0
625,2026-03-30 10:20:00,2,6,10,20,0
626,2026-03-30 10:40:00,2,7,10,40,0
627,2026-03-30 11:00:00,2,7,11,0,0
628,2026-03-30 11:20:00,3,6,11,20,0
629,2026-03-30 11:40:00,3,6,11,40,0
630,2026-03-30 12:00:00,4,6,12,0,0
631,2026-03-30 12:20:00,3,6,12,20,0
632,2026-03-30 12:40:00,4,5,12,40,0
633,2026-03-30 13:00:00,4,4,13,0,0
634,2026-03-30 13:20:00,4,6,13,20,0
635,2026-03-30 13:40:00,4,5,13,40,0
636,2026-03-30 14:00:00,4,5,14,0,0
637,2026-03-30 14:20:00,4,5,14,20,0
638,2026-03-30 14:40:00,4,4,14,40,0
639,2026-03-30 15:00:00,5,5,15,0,0
640,2026-03-30 15:20:00,4,4,15,20,0
641,2026-03-30 15:40:00,5,5,15,40,0
642,2026-03-30 16:00:00,4,5,16,0,0
643,2026-03-30 16:20:00,5,4,16,20,0
644,2026-03-30 16:40:00,5,5,16,40,0
645,2026-03-30 17:00:00,5,5,17,0,0
646,2026-03-30 17:20:00,5,4,17,20,0
647,2026-03-30 17:40:00,5,4,17,40,0
648,2026-03-30 18:00:00,5,4,18,0,0
649,2026-03-30 18:20:00,5,4,18,20,0
650,2026-03-30 18:40:00,5,3,18,40,0
651,2026-03-30 19:00:00,5,4,19,0,0
652,2026-03-31 09:00:00,2,9,9,0,1
653,2026-03-31 09:20:00,2,8,9,20,1
654,2026-03-31 09:40:00,2,7,9,40,1
655,2026-03-31 10:00:00,3,8,10,0,1
656,2026-03-31 10:20:00,3,6,10,20,1
657,2026-03-31 10:40:00,2,6,10,40,1
658,2026-03-31 11:00:00,4,6,11,0,1
659,2026-03-31 11:20:00,3,7,11,20,1
660,2026-03-31 11:40:00,4,5,11,40,1
661,2026-03-31 12:00:00,4,5,12,0,1
662,2026-03-31 12:20:00,5,6,12,20,1
663,2026-03-31 12:40:00,5,5,12,40,1
664,2026-03-31 13:00:00,5,5,13,0,1
665,2026-03-31 13:20:00,5,5,13,20,1
666,2026-03-31 13:40:00,5,5,13,40,1
667,2026-03-31 14:00:00,4,4,14,0,1
668,2026-03-31 14:20:00,6,4,14,20,1
669,2026-03-31 14:40:00,5,4,14,40,1
670,2026-03-31 15:00:00,5,4,15,0,1
671,2026-03-31 15:20:00,5,4,15,20,1
672,2026-03-31 15:40:00,5,4,15,40,1
673,2026-03-31 16:00:00,5,4,16,0,1
674,2026-03-31 16:20:00,6,4,16,20,1
675,2026-03-31 16:40:00,4,4,16,40,1
676,2026-03-31 17:00:00,5,4,17,0,1
677,2026-03-31 17:20:00,5,4,17,20,1
678,2026-03-31 17:40:00,5,4,17,40,1
679,2026-03-31 18:00:00,5,4,18,0,1
680,2026-03-31 18:20:00,5,4,18,20,1
681,2026-03-31 18:40:00,5,4,18,40,1
682,2026-03-31 19:00:00,5,4,19,0,1
683,2026-04-01 09:00:00,2,9,9,0,2
684,2026-04-01 09:20:00,2,9,9,20,2
685,2026-04-01 09:40:00,2,8,9,40,2
686,2026-04-01 10:00:00,3,7,10,0,2
687,2026-04-01 10:20:00,3,7,10,20,2
688,2026-04-01 10:40:00,4,6,10,40,2
689,2026-04-01 11:00:00,3,6,11,0,2
690,2026-04-01 11:20:00,3,6,11,20,2
691,2026-04-01 11:40:00,3,5,11,40,2
692,2026-04-01 12:00:00,4,5,12,0,2
693,2026-04-01 12:20:00,4,5,12,20,2
694,2026-04-01 12:40:00,4,4,12,40,2
695,2026-04-01 13:00:00,5,4,13,0,2
696,2026-04-01 13:20:00,5,5,13,20,2
697,2026-04-01 13:40:00,5,5,13,40,2
698,2026-04-01 14:00:00,6,5,14,0,2
699,2026-04-01 14:20:00,4,5,14,20,2
700,2026-04-01 14:40:00,5,4,14,40,2
701,2026-04-01 15:00:00,4,5,15,0,2
702,2026-04-01 15:20:00,6,5,15,20,2
703,2026-04-01 15:40:00,5,4,15,40,2
704,2026-04-01 16:00:00,5,4,16,0,2
705,2026-04-01 16:20:00,5,4,16,20,2
706,2026-04-01 16:40:00,6,4,16,40,2
707,2026-04-01 17:00:00,5,4,17,0,2
708,2026-04-01 17:20:00,5,4,17,20,2
709,2026-04-01 17:40:00,5,4,17,40,2
710,2026-04-01 18:00:00,5,5,18,0,2
711,2026-04-01 18:20:00,4,4,18,20,2
712,2026-04-01 18:40:00,5,4,18,40,2
713,2026-04-01 19:00:00,5,5,19,0,2
714,2026-04-02 09:00:00,2,9,9,0,3
715,2026-04-02 09:20:00,2,8,9,20,3
716,2026-04-02 09:40:00,3,7,9,40,3
717,2026-04-02 10:00:00,3,7,10,0,3
718,2026-04-02 10:20:00,3,7,10,20,3
719,2026-04-02 10:40:00,3,7,10,40,3
720,2026-04-02 11:00:00,4,5,11,0,3
721,2026-04-02 11:20:00,4,6,11,20,3
722,2026-04-02 11:40:00,4,6,11,40,3
723,2026-04-02 12:00:00,4,6,12,0,3
724,2026-04-02 12:20:00,4,5,12,20,3
725,2026-04-02 12:40:00,5,5,12,40,3
726,2026-04-02 13:00:00,5,4,13,0,3
727,2026-04-02 13:20:00,4,5,13,20,3
728,2026-04-02 13:40:00,5,4,13,40,3
729,2026-04-02 14:00:00,4,5,14,0,3
730,2026-04-02 14:20:00,4,5,14,20,3
731,2026-04-02 14:40:00,5,5,14,40,3
732,2026-04-02 15:00:00,5,3,15,0,3
733,2026-04-02 15:20:00,5,4,15,20,3
734,2026-04-02 15:40:00,5,5,15,40,3
735,2026-04-02 16:00:00,5,4,16,0,3
736,2026-04-02 16:20:00,5,5,16,20,3
737,2026-04-02 16:40:00,5,4,16,40,3
738,2026-04-02 17:00:00,4,5,17,0,3
739,2026-04-02 17:20:00,5,4,17,20,3
740,2026-04-02 17:40:00,5,4,17,40,3
741,2026-04-02 18:00:00,5,4,18,0,3
742,2026-04-02 18:20:00,5,4,18,20,3
743,2026-04-02 18:40:00,5,5,18,40,3
744,2026-04-02 19:00:00,5,4,19,0,3
745,2026-04-03 09:00:00,2,9,9,0,4
746,2026-04-03 09:20:00,2,8,9,20,4
747,2026-04-03 09:40:00,3,8,9,40,4
748,2026-04-03 10:00:00,3,7,10,0,4
749,2026-04-03 10:20:00,3,7,10,20,4
750,2026-04-03 10:40:00,4,6,10,40,4
751,2026-04-03 11:00:00,3,6,11,0,4
752,2026-04-03 11:20:00,4,6,11,20,4
753,2026-04-03 11:40:00,4,5,11,40,4
754,2026-04-03 12:00:00,4,6,12,0,4
755,2026-04-03 12:20:00,5,5,12,20,4
756,2026-04-03 12:40:00,5,5,12,40,4
757,2026-04-03 13:00:00,4,5,13,0,4
758,2026-04-03 13:20:00,5,4,13,20,4
759,2026-04-03 13:40:00,4,4,13,40,4
760,2026-04-03 14:00:00,5,4,14,0,4
761,2026-04-03 14:20:00,5,4,14,20,4
762,2026-04-03 14:40:00,5,5,14,40,4
763,2026-04-03 15:00:00,5,4,15,0,4
764,2026-04-03 15:20:00,5,4,15,20,4
765,2026-04-03 15:40:00,5,4,15,40,4
766,2026-04-03 16:00:00,4,4,16,0,4
767,2026-04-03 16:20:00,5,4,16,20,4
768,2026-04-03 16:40:00,5,3,16,40,4
769,2026-04-03 17:00:00,5,4,17,0,4
770,2026-04-03 17:20:00,5,4,17,20,4
771,2026-04-03 17:40:00,5,5,17,40,4
772,2026-04-03 18:00:00,4,4,18,0,4
773,2026-04-03 18:20:00,5,4,18,20,4
774,2026-04-03 18:40:00,5,4,18,40,4
775,2026-04-03 19:00:00,5,4,19,0,4
776,2026-04-06 09:00:00,1,8,9,0,0
777,2026-04-06 09:20:00,1,8,9,20,0
778,2026-04-06 09:40:00,1,8,9,40,0
779,2026-04-06 10:00:00,2,8,10,0,0
780,2026-04-06 10:20:00,2,8,10,20,0
781,2026-04-06 10:40:00,2,7,10,40,0
782,2026-04-06 11:00:00,3,7,11,0,0
783,2026-04-06 11:20:00,3,6,11,20,0
784,2026-04-06 11:40:00,3,6,11,40,0
785,2026-04-06 12:00:00,4,6,12,0,0
786,2026-04-06 12:20:00,4,6,12,20,0
787,2026-04-06 12:40:00,4,6,12,40,0
788,2026-04-06 13:00:00,4,6,13,0,0
789,2026-04-06 13:20:00,5,5,13,20,0
790,2026-04-06 13:40:00,4,5,13,40,0
791,2026-04-06 14:00:00,3,5,14,0,0
792,2026-04-06 14:20:00,4,5,14,20,0
793,2026-04-06 14:40:00,6,5,14,40,0
794,2026-04-06 15:00:00,4,5,15,0,0
795,2026-04-06 15:20:00,5,4,15,20,0
796,2026-04-06 15:40:00,5,4,15,40,0
797,2026-04-06 16:00:00,4,5,16,0,0
798,2026-04-06 16:20:00,4,5,16,20,0
799,2026-04-06 16:40:00,5,4,16,40,0
800,2026-04-06 17:00:00,5,4,17,0,0
801,2026-04-06 17:20:00,4,5,17,20,0
802,2026-04-06 17:40:00,5,4,17,40,0
803,2026-04-06 18:00:00,5,5,18,0,0
804,2026-04-06 18:20:00,5,4,18,20,0
805,2026-04-06 18:40:00,5,4,18,40,0
806,2026-04-06 19:00:00,5,4,19,0,0
807,2026-04-07 09:00:00,1,8,9,0,1
808,2026-04-07 09:20:00,2,9,9,20,1
809,2026-04-07 09:40:00,1,7,9,40,1
810,2026-04-07 10:00:00,2,7,10,0,1
811,2026-04-07 10:20:00,3,7,10,20,1
812,2026-04-07 10:40:00,3,6,10,40,1
813,2026-04-07 11:00:00,3,7,11,0,1
814,2026-04-07 11:20:00,3,6,11,20,1
815,2026-04-07 11:40:00,3,5,11,40,1
816,2026-04-07 12:00:00,4,6,12,0,1
817,2026-04-07 12:20:00,3,5,12,20,1
818,2026-04-07 12:40:00,4,6,12,40,1
819,2026-04-07 13:00:00,5,5,13,0,1
820,2026-04-07 13:20:00,4,4,13,20,1
821,2026-04-07 13:40:00,4,4,13,40,1
822,2026-04-07 14:00:00,5,4,14,0,1
823,2026-04-07 14:20:00,5,4,14,20,1
824,2026-04-07 14:40:00,4,5,14,40,1
825,2026-04-07 15:00:00,5,4,15,0,1
826,2026-04-07 15:20:00,5,4,15,20,1
827,2026-04-07 15:40:00,5,4,15,40,1
828,2026-04-07 16:00:00,5,4,16,0,1
829,2026-04-07 16:20:00,5,4,16,20,1
830,2026-04-07 16:40:00,5,4,16,40,1
831,2026-04-07 17:00:00,5,4,17,0,1
832,2026-04-07 17:20:00,4,4,17,20,1
833,2026-04-07 17:40:00,5,4,17,40,1
834,2026-04-07 18:00:00,5,4,18,0,1
835,2026-04-07 18:20:00,5,3,18,20,1
836,2026-04-07 18:40:00,5,4,18,40,1
837,2026-04-07 19:00:00,5,4,19,0,1
838,2026-04-08 09:00:00,2,9,9,0,2
839,2026-04-08 09:20:00,2,8,9,20,2
840,2026-04-08 09:40:00,2,7,9,40,2
841,2026-04-08 10:00:00,3,7,10,0,2
842,2026-04-08 10:20:00,3,7,10,20,2
843,2026-04-08 10:40:00,3,7,10,40,2
844,2026-04-08 11:00:00,4,7,11,0,2
845,2026-04-08 11:20:00,4,5,11,20,2
846,2026-04-08 11:40:00,4,5,11,40,2
847,2026-04-08 12:00:00,5,6,12,0,2
848,2026-04-08 12:20:00,4,6,12,20,2
849,2026-04-08 12:40:00,4,5,12,40,2
850,2026-04-08 13:00:00,4,5,13,0,2
851,2026-04-08 13:20:00,4,4,13,20,2
852,2026-04-08 13:40:00,4,4,13,40,2
853,2026-04-08 14:00:00,5,4,14,0,2
854,2026-04-08 14:20:00,6,4,14,20,2
855,2026-04-08 14:40:00,4,4,14,40,2
856,2026-04-08 15:00:00,4,4,15,0,2
857,2026-04-08 15:20:00,4,4,15,20,2
858,2026-04-08 15:40:00,5,4,15,40,2
859,2026-04-08 16:00:00,5,4,16,0,2
860,2026-04-08 16:20:00,5,4,16,20,2
861,2026-04-08 16:40:00,5,4,16,40,2
862,2026-04-08 17:00:00,5,4,17,0,2
863,2026-04-08 17:20:00,5,4,17,20,2
864,2026-04-08 17:40:00,5,4,17,40,2
865,2026-04-08 18:00:00,5,4,18,0,2
866,2026-04-08 18:20:00,5,5,18,20,2
867,2026-04-08 18:40:00,5,3,18,40,2
868,2026-04-08 19:00:00,4,4,19,0,2
869,2026-04-09 09:00:00,2,8,9,0,3
870,2026-04-09 09:20:00,2,7,9,20,3
871,2026-04-09 09:40:00,2,7,9,40,3
872,2026-04-09 10:00:00,3,7,10,0,3
873,2026-04-09 10:20:00,3,7,10,20,3
874,2026-04-09 10:40:00,4,6,10,40,3
875,2026-04-09 11:00:00,4,6,11,0,3
876,2026-04-09 11:20:00,4,6,11,20,3
877,2026-04-09 11:40:00,5,6,11,40,3
878,2026-04-09 12:00:00,4,5,12,0,3
879,2026-04-09 12:20:00,5,6,12,20,3
880,2026-04-09 12:40:00,4,5,12,40,3
881,2026-04-09 13:00:00,5,6,13,0,3
882,2026-04-09 13:20:00,5,5,13,20,3
883,2026-04-09 13:40:00,5,5,13,40,3
884,2026-04-09 14:00:00,5,5,14,0,3
885,2026-04-09 14:20:00,5,4,14,20,3
886,2026-04-09 14:40:00,5,5,14,40,3
887,2026-04-09 15:00:00,5,4,15,0,3
888,2026-04-09 15:20:00,5,5,15,20,3
889,2026-04-09 15:40:00,4,4,15,40,3
890,2026-04-09 16:00:00,4,4,16,0,3
891,2026-04-09 16:20:00,5,3,16,20,3
892,2026-04-09 16:40:00,5,4,16,40,3
893,2026-04-09 17:00:00,5,4,17,0,3
894,2026-04-09 17:20:00,4,5,17,20,3
895,2026-04-09 17:40:00,5,5,17,40,3
896,2026-04-09 18:00:00,5,4,18,0,3
897,2026-04-09 18:20:00,5,4,18,20,3
898,2026-04-09 18:40:00,5,3,18,40,3
899,2026-04-09 19:00:00,5,3,19,0,3
900,2026-04-10 09:00:00,2,9,9,0,4
901,2026-04-10 09:20:00,2,8,9,20,4
902,2026-04-10 09:40:00,2,8,9,40,4
903,2026-04-10 10:00:00,3,7,10,0,4
904,2026-04-10 10:20:00,3,7,10,20,4
905,2026-04-10 10:40:00,3,6,10,40,4
906,2026-04-10 11:00:00,4,7,11,0,4
907,2026-04-10 11:20:00,4,6,11,20,4
908,2026-04-10 11:40:00,4,5,11,40,4
909,2026-04-10 12:00:00,4,6,12,0,4
910,2026-04-10 12:20:00,4,5,12,20,4
911,2026-04-10 12:40:00,4,5,12,40,4
912,2026-04-10 13:00:00,5,5,13,0,4
913,2026-04-10 13:20:00,6,5,13,20,4
914,2026-04-10 13:40:00,5,5,13,40,4
915,2026-04-10 14:00:00,4,4,14,0,4
916,2026-04-10 14:20:00,4,4,14,20,4
917,2026-04-10 14:40:00,4,4,14,40,4
918,2026-04-10 15:00:00,5,4,15,0,4
919,2026-04-10 15:20:00,5,4,15,20,4
920,2026-04-10 15:40:00,5,4,15,40,4
921,2026-04-10 16:00:00,5,4,16,0,4
922,2026-04-10 16:20:00,5,5,16,20,4
923,2026-04-10 16:40:00,4,4,16,40,4
924,2026-04-10 17:00:00,5,4,17,0,4
925,2026-04-10 17:20:00,6,4,17,20,4
926,2026-04-10 17:40:00,4,4,17,40,4
927,2026-04-10 18:00:00,5,4,18,0,4
928,2026-04-10 18:20:00,5,5,18,20,4
929,2026-04-10 18:40:00,5,4,18,40,4
930,2026-04-10 19:00:00,5,4,19,0,4
